{
  "mldsa": {
    "ML-DSA-65:2048": {
      "sign_time_ns": {
        "replicate-01": {
          "direction": "negative",
          "expected_relative_change_over_200_blocks": -0.03214333749258546,
          "normalized_slope_relative_to_replicate_median": -0.0001607166874629273,
          "slope_per_block": -246.4771208517386
        },
        "replicate-02": {
          "direction": "negative",
          "expected_relative_change_over_200_blocks": -0.022395084303021458,
          "normalized_slope_relative_to_replicate_median": -0.0001119754215151073,
          "slope_per_block": -129.32864450127877
        },
        "replicate-03": {
          "direction": "positive",
          "expected_relative_change_over_200_blocks": 0.01634569851638058,
          "normalized_slope_relative_to_replicate_median": 8.17284925819029e-05,
          "slope_per_block": 115.95229885057472
        }
      },
      "verify_time_ns": {
        "replicate-01": {
          "direction": "positive",
          "expected_relative_change_over_200_blocks": 0.0009316833899207591,
          "normalized_slope_relative_to_replicate_median": 4.658416949603795e-06,
          "slope_per_block": 1.6777777777777778
        },
        "replicate-02": {
          "direction": "negative",
          "expected_relative_change_over_200_blocks": -0.0014998652836356664,
          "normalized_slope_relative_to_replicate_median": -7.499326418178332e-06,
          "slope_per_block": -2.464109926168991
        },
        "replicate-03": {
          "direction": "positive",
          "expected_relative_change_over_200_blocks": 0.0035635601586757725,
          "normalized_slope_relative_to_replicate_median": 1.7817800793378862e-05,
          "slope_per_block": 5.844354475933423
        }
      }
    },
    "ML-DSA-65:512": {
      "sign_time_ns": {
        "replicate-01": {
          "direction": "positive",
          "expected_relative_change_over_200_blocks": 0.025130906115929053,
          "normalized_slope_relative_to_replicate_median": 0.00012565453057964527,
          "slope_per_block": 191.72186076772934
        },
        "replicate-02": {
          "direction": "positive",
          "expected_relative_change_over_200_blocks": 0.019387271453035287,
          "normalized_slope_relative_to_replicate_median": 9.693635726517644e-05,
          "slope_per_block": 133.9698747265858
        },
        "replicate-03": {
          "direction": "positive",
          "expected_relative_change_over_200_blocks": 0.01602005814973663,
          "normalized_slope_relative_to_replicate_median": 8.010029074868315e-05,
          "slope_per_block": 95.66581979856637
        }
      },
      "verify_time_ns": {
        "replicate-01": {
          "direction": "positive",
          "expected_relative_change_over_200_blocks": 0.0037048449228759784,
          "normalized_slope_relative_to_replicate_median": 1.8524224614379892e-05,
          "slope_per_block": 6.569088319088319
        },
        "replicate-02": {
          "direction": "negative",
          "expected_relative_change_over_200_blocks": -0.0015483608802067286,
          "normalized_slope_relative_to_replicate_median": -7.741804401033643e-06,
          "slope_per_block": -2.4881152910349993
        },
        "replicate-03": {
          "direction": "positive",
          "expected_relative_change_over_200_blocks": 0.003840581421983559,
          "normalized_slope_relative_to_replicate_median": 1.9202907109917793e-05,
          "slope_per_block": 6.184459459459459
        }
      }
    },
    "ML-DSA-65:8192": {
      "sign_time_ns": {
        "replicate-01": {
          "direction": "negative",
          "expected_relative_change_over_200_blocks": -0.018149842200474196,
          "normalized_slope_relative_to_replicate_median": -9.074921100237098e-05,
          "slope_per_block": -125.3125
        },
        "replicate-02": {
          "direction": "negative",
          "expected_relative_change_over_200_blocks": -0.2705770542206949,
          "normalized_slope_relative_to_replicate_median": -0.0013528852711034744,
          "slope_per_block": -1923.3151403689078
        },
        "replicate-03": {
          "direction": "positive",
          "expected_relative_change_over_200_blocks": 0.016574332615170648,
          "normalized_slope_relative_to_replicate_median": 8.287166307585323e-05,
          "slope_per_block": 116.87369925671813
        }
      },
      "verify_time_ns": {
        "replicate-01": {
          "direction": "negative",
          "expected_relative_change_over_200_blocks": -0.007634139616920338,
          "normalized_slope_relative_to_replicate_median": -3.817069808460169e-05,
          "slope_per_block": -14.786736792154382
        },
        "replicate-02": {
          "direction": "zero",
          "expected_relative_change_over_200_blocks": 0.0,
          "normalized_slope_relative_to_replicate_median": 0.0,
          "slope_per_block": 0.0
        },
        "replicate-03": {
          "direction": "negative",
          "expected_relative_change_over_200_blocks": -0.010770690345625457,
          "normalized_slope_relative_to_replicate_median": -5.385345172812728e-05,
          "slope_per_block": -18.89152159896841
        }
      }
    },
    "ML-DSA-87:2048": {
      "sign_time_ns": {
        "replicate-01": {
          "direction": "negative",
          "expected_relative_change_over_200_blocks": -0.00425562351106699,
          "normalized_slope_relative_to_replicate_median": -2.1278117555334948e-05,
          "slope_per_block": -37.96653451492537
        },
        "replicate-02": {
          "direction": "negative",
          "expected_relative_change_over_200_blocks": -0.004411451100580396,
          "normalized_slope_relative_to_replicate_median": -2.205725550290198e-05,
          "slope_per_block": -35.72019230769231
        },
        "replicate-03": {
          "direction": "negative",
          "expected_relative_change_over_200_blocks": -0.01171469982280192,
          "normalized_slope_relative_to_replicate_median": -5.85734991140096e-05,
          "slope_per_block": -94.70011045655376
        }
      },
      "verify_time_ns": {
        "replicate-01": {
          "direction": "positive",
          "expected_relative_change_over_200_blocks": 0.0007024084510750085,
          "normalized_slope_relative_to_replicate_median": 3.5120422553750425e-06,
          "slope_per_block": 1.9438697318007663
        },
        "replicate-02": {
          "direction": "positive",
          "expected_relative_change_over_200_blocks": 0.005197573136658655,
          "normalized_slope_relative_to_replicate_median": 2.5987865683293276e-05,
          "slope_per_block": 13.088541666666668
        },
        "replicate-03": {
          "direction": "positive",
          "expected_relative_change_over_200_blocks": 0.0014976260105823186,
          "normalized_slope_relative_to_replicate_median": 7.488130052911593e-06,
          "slope_per_block": 3.784313725490196
        }
      }
    },
    "ML-DSA-87:512": {
      "sign_time_ns": {
        "replicate-01": {
          "direction": "negative",
          "expected_relative_change_over_200_blocks": -0.010618832490490414,
          "normalized_slope_relative_to_replicate_median": -5.309416245245207e-05,
          "slope_per_block": -94.82208588957056
        },
        "replicate-02": {
          "direction": "positive",
          "expected_relative_change_over_200_blocks": 0.008560026652139535,
          "normalized_slope_relative_to_replicate_median": 4.2800133260697673e-05,
          "slope_per_block": 69.29074074074074
        },
        "replicate-03": {
          "direction": "negative",
          "expected_relative_change_over_200_blocks": -0.0015732082884905337,
          "normalized_slope_relative_to_replicate_median": -7.866041442452669e-06,
          "slope_per_block": -10.846256429796153
        }
      },