{
  "mldsa": {
    "ML-DSA-65:2048": {
      "sign_time_ns": {
        "replicate-01": {
          "direction": "positive",
          "expected_relative_change_over_200_blocks": 0.03213695497118798,
          "normalized_slope_relative_to_replicate_median": 0.0001606847748559399,
          "slope_per_block": 223.74479166666669
        },
        "replicate-02": {
          "direction": "negative",
          "expected_relative_change_over_200_blocks": -0.10301074453740047,
          "normalized_slope_relative_to_replicate_median": -0.0005150537226870024,
          "slope_per_block": -717.0987394957983
        },
        "replicate-03": {
          "direction": "positive",
          "expected_relative_change_over_200_blocks": 0.03308249168924398,
          "normalized_slope_relative_to_replicate_median": 0.0001654124584462199,
          "slope_per_block": 229.7609649122807
        }
      },
      "verify_time_ns": {
        "replicate-01": {
          "direction": "negative",
          "expected_relative_change_over_200_blocks": -0.005033120940867836,
          "normalized_slope_relative_to_replicate_median": -2.516560470433918e-05,
          "slope_per_block": -8.298232323232323
        },
        "replicate-02": {
          "direction": "positive",
          "expected_relative_change_over_200_blocks": 0.0007632337793259675,
          "normalized_slope_relative_to_replicate_median": 3.816168896629837e-06,
          "slope_per_block": 1.2453208556149733
        },
        "replicate-03": {
          "direction": "negative",
          "expected_relative_change_over_200_blocks": -0.006222543912473865,
          "normalized_slope_relative_to_replicate_median": -3.111271956236933e-05,
          "slope_per_block": -10.200040650406503
        }
      }
    },
    "ML-DSA-65:512": {
      "sign_time_ns": {
        "replicate-01": {
          "direction": "positive",
          "expected_relative_change_over_200_blocks": 0.12937882317156396,
          "normalized_slope_relative_to_replicate_median": 0.0006468941158578198,
          "slope_per_block": 891.8486590038315
        },
        "replicate-02": {
          "direction": "negative",
          "expected_relative_change_over_200_blocks": -0.001985946178045467,
          "normalized_slope_relative_to_replicate_median": -9.929730890227334e-06,
          "slope_per_block": -13.735255570117955
        },
        "replicate-03": {
          "direction": "negative",
          "expected_relative_change_over_200_blocks": -0.007659986279225916,
          "normalized_slope_relative_to_replicate_median": -3.829993139612958e-05,
          "slope_per_block": -52.79040404040404
        }
      },
      "verify_time_ns": {
        "replicate-01": {
          "direction": "positive",
          "expected_relative_change_over_200_blocks": 0.0009163882618897881,
          "normalized_slope_relative_to_replicate_median": 4.581941309448941e-06,
          "slope_per_block": 1.4732590808749748
        },
        "replicate-02": {
          "direction": "negative",
          "expected_relative_change_over_200_blocks": -0.005447203874567192,
          "normalized_slope_relative_to_replicate_median": -2.723601937283596e-05,
          "slope_per_block": -8.740746753246754
        },
        "replicate-03": {
          "direction": "positive",
          "expected_relative_change_over_200_blocks": 0.002989856921072653,
          "normalized_slope_relative_to_replicate_median": 1.4949284605363265e-05,
          "slope_per_block": 4.8118906780589334
        }
      }
    },
    "ML-DSA-65:8192": {
      "sign_time_ns": {
        "replicate-01": {
          "direction": "negative",
          "expected_relative_change_over_200_blocks": -0.012055252602350467,
          "normalized_slope_relative_to_replicate_median": -6.0276263011752334e-05,
          "slope_per_block": -85.08491803278689
        },
        "replicate-02": {
          "direction": "positive",
          "expected_relative_change_over_200_blocks": 0.14766915336438663,
          "normalized_slope_relative_to_replicate_median": 0.0007383457668219332,
          "slope_per_block": 1042.1333333333332
        },
        "replicate-03": {
          "direction": "negative",
          "expected_relative_change_over_200_blocks": -0.01393616134467241,
          "normalized_slope_relative_to_replicate_median": -6.968080672336205e-05,
          "slope_per_block": -90.92812219227314
        }
      },
      "verify_time_ns": {
        "replicate-01": {
          "direction": "negative",
          "expected_relative_change_over_200_blocks": -0.004866787156177785,
          "normalized_slope_relative_to_replicate_median": -2.4333935780888924e-05,
          "slope_per_block": -8.619907407407407
        },
        "replicate-02": {
          "direction": "positive",
          "expected_relative_change_over_200_blocks": 0.003800373560544305,
          "normalized_slope_relative_to_replicate_median": 1.9001867802721525e-05,
          "slope_per_block": 6.66263440860215
        },
        "replicate-03": {
          "direction": "positive",
          "expected_relative_change_over_200_blocks": 0.0007411877140724515,
          "normalized_slope_relative_to_replicate_median": 3.7059385703622577e-06,
          "slope_per_block": 1.3076923076923077
        }
      }
    },
    "ML-DSA-87:2048": {
      "sign_time_ns": {
        "replicate-01": {
          "direction": "positive",
          "expected_relative_change_over_200_blocks": 0.010534582945145142,
          "normalized_slope_relative_to_replicate_median": 5.2672914725725707e-05,
          "slope_per_block": 79.60278514588859
        },
        "replicate-02": {
          "direction": "negative",
          "expected_relative_change_over_200_blocks": -0.007855767518132566,
          "normalized_slope_relative_to_replicate_median": -3.927883759066283e-05,
          "slope_per_block": -63.71200284090909
        },
        "replicate-03": {
          "direction": "positive",
          "expected_relative_change_over_200_blocks": 0.0008569343881870117,
          "normalized_slope_relative_to_replicate_median": 4.284671940935058e-06,
          "slope_per_block": 6.931960784313725
        }
      },
      "verify_time_ns": {
        "replicate-01": {
          "direction": "positive",
          "expected_relative_change_over_200_blocks": 0.006251178131805231,
          "normalized_slope_relative_to_replicate_median": 3.125589065902616e-05,
          "slope_per_block": 15.743217054263566
        },
        "replicate-02": {
          "direction": "positive",
          "expected_relative_change_over_200_blocks": 0.0025090061341541225,
          "normalized_slope_relative_to_replicate_median": 1.2545030670770612e-05,
          "slope_per_block": 6.320707070707071
        },
        "replicate-03": {
          "direction": "negative",
          "expected_relative_change_over_200_blocks": -0.0012317070827317321,
          "normalized_slope_relative_to_replicate_median": -6.1585354136586605e-06,
          "slope_per_block": -3.099803343166175
        }
      }
    },
    "ML-DSA-87:512": {
      "sign_time_ns": {
        "replicate-01": {
          "direction": "positive",
          "expected_relative_change_over_200_blocks": 0.02190255744967539,
          "normalized_slope_relative_to_replicate_median": 0.00010951278724837695,
          "slope_per_block": 152.0967250571211
        },
        "replicate-02": {
          "direction": "positive",
          "expected_relative_change_over_200_blocks": 0.002638060522383303,
          "normalized_slope_relative_to_replicate_median": 1.3190302611916515e-05,
          "slope_per_block": 21.318107725017718
        },
        "replicate-03": {
          "direction": "positive",
          "expected_relative_change_over_200_blocks": 0.02283813179341358,
          "normalized_slope_relative_to_replicate_median": 0.0001141906589670679,
          "slope_per_block": 185.1195587358378
        }
      },